{
  "GET SELLER PRODUCT" : {
    "transaction" : "GET SELLER PRODUCT",
    "sampleCount" : 10,
    "errorCount" : 2,
    "errorPct" : 20.0,
    "meanResTime" : 687.2,
    "medianResTime" : 336.0,
    "minResTime" : 296.0,
    "maxResTime" : 2105.0,
    "pct1ResTime" : 2088.8,
    "pct2ResTime" : 2105.0,
    "pct3ResTime" : 2105.0,
    "throughput" : 1.0126582278481013,
    "receivedKBytesPerSec" : 0.7130142405063291,
    "sentKBytesPerSec" : 0.5290743670886076
  },
  "GET SELLER PRODUCT ID" : {
    "transaction" : "GET SELLER PRODUCT ID",
    "sampleCount" : 10,
    "errorCount" : 2,
    "errorPct" : 20.0,
    "meanResTime" : 602.2,
    "medianResTime" : 317.5,
    "minResTime" : 296.0,
    "maxResTime" : 2137.0,
    "pct1ResTime" : 2048.2000000000003,
    "pct2ResTime" : 2137.0,
    "pct3ResTime" : 2137.0,
    "throughput" : 1.0135819987837016,
    "receivedKBytesPerSec" : 0.7136646690654774,
    "sentKBytesPerSec" : 0.5345061321710927
  },
  "PUT BUYER ORDER ID" : {
    "transaction" : "PUT BUYER ORDER ID",
    "sampleCount" : 10,
    "errorCount" : 6,
    "errorPct" : 60.0,
    "meanResTime" : 289.70000000000005,
    "medianResTime" : 284.5,
    "minResTime" : 277.0,
    "maxResTime" : 319.0,
    "pct1ResTime" : 318.2,
    "pct2ResTime" : 319.0,
    "pct3ResTime" : 319.0,
    "throughput" : 0.42075146211133085,
    "receivedKBytesPerSec" : 0.2085678146169058,
    "sentKBytesPerSec" : 0.40505546030209955
  },
  "GET BUYER PRODUCT ID" : {
    "transaction" : "GET BUYER PRODUCT ID",
    "sampleCount" : 10,
    "errorCount" : 0,
    "errorPct" : 0.0,
    "meanResTime" : 303.0,
    "medianResTime" : 278.0,
    "minResTime" : 263.0,
    "maxResTime" : 557.0,
    "pct1ResTime" : 529.7,
    "pct2ResTime" : 557.0,
    "pct3ResTime" : 557.0,
    "throughput" : 0.33765532144786603,
    "receivedKBytesPerSec" : 0.34210683203336034,
    "sentKBytesPerSec" : 0.17713714715018908
  },
  "GET BUYER ORDER ID" : {
    "transaction" : "GET BUYER ORDER ID",
    "sampleCount" : 10,
    "errorCount" : 6,
    "errorPct" : 60.0,
    "meanResTime" : 286.4,
    "medianResTime" : 283.5,
    "minResTime" : 273.0,
    "maxResTime" : 306.0,
    "pct1ResTime" : 305.2,
    "pct2ResTime" : 306.0,
    "pct3ResTime" : 306.0,
    "throughput" : 0.42140750105351876,
    "receivedKBytesPerSec" : 0.303503937526338,
    "sentKBytesPerSec" : 0.22214430573114202
  },
  "POST AUTH REGISTER" : {
    "transaction" : "POST AUTH REGISTER",
    "sampleCount" : 10,
    "errorCount" : 6,
    "errorPct" : 60.0,
    "meanResTime" : 2405.9,
    "medianResTime" : 1444.0,
    "minResTime" : 1156.0,
    "maxResTime" : 5642.0,
    "pct1ResTime" : 5565.1,
    "pct2ResTime" : 5642.0,
    "pct3ResTime" : 5642.0,
    "throughput" : 0.8673779165582445,
    "receivedKBytesPerSec" : 0.4963705655304016,
    "sentKBytesPerSec" : 0.4633356644114841
  },
  "Debug Sampler" : {
    "transaction" : "Debug Sampler",
    "sampleCount" : 10,
    "errorCount" : 0,
    "errorPct" : 0.0,
    "meanResTime" : 0.6,
    "medianResTime" : 0.0,
    "minResTime" : 0.0,
    "maxResTime" : 3.0,
    "pct1ResTime" : 2.8000000000000007,
    "pct2ResTime" : 3.0,
    "pct3ResTime" : 3.0,
    "throughput" : 1.2470382840753211,
    "receivedKBytesPerSec" : 0.6410556179074698,
    "sentKBytesPerSec" : 0.0
  },
  "DELETE SELLER PRODUCT ID" : {
    "transaction" : "DELETE SELLER PRODUCT ID",
    "sampleCount" : 10,
    "errorCount" : 1,
    "errorPct" : 10.0,
    "meanResTime" : 885.4000000000001,
    "medianResTime" : 318.0,
    "minResTime" : 294.0,
    "maxResTime" : 5930.0,
    "pct1ResTime" : 5380.100000000002,
    "pct2ResTime" : 5930.0,
    "pct3ResTime" : 5930.0,
    "throughput" : 0.6459948320413437,
    "receivedKBytesPerSec" : 0.20313509366925064,
    "sentKBytesPerSec" : 0.6148937136627907
  },
  "POST BUYER ORDER" : {
    "transaction" : "POST BUYER ORDER",
    "sampleCount" : 10,
    "errorCount" : 6,
    "errorPct" : 60.0,
    "meanResTime" : 856.3000000000001,
    "medianResTime" : 298.0,
    "minResTime" : 277.0,
    "maxResTime" : 5922.0,
    "pct1ResTime" : 5361.500000000002,
    "pct2ResTime" : 5922.0,
    "pct3ResTime" : 5922.0,
    "throughput" : 0.3406226582192247,
    "receivedKBytesPerSec" : 0.16152965120239798,
    "sentKBytesPerSec" : 0.382701531524627
  },
  "GET BUYER ORDER" : {
    "transaction" : "GET BUYER ORDER",
    "sampleCount" : 10,
    "errorCount" : 0,
    "errorPct" : 0.0,
    "meanResTime" : 286.8,
    "medianResTime" : 283.5,
    "minResTime" : 277.0,
    "maxResTime" : 312.0,
    "pct1ResTime" : 311.8,
    "pct2ResTime" : 312.0,
    "pct3ResTime" : 312.0,
    "throughput" : 0.4211767678894832,
    "receivedKBytesPerSec" : 0.27750777860843195,
    "sentKBytesPerSec" : 0.2188144926925831
  },
  "Total" : {
    "transaction" : "Total",
    "sampleCount" : 130,
    "errorCount" : 44,
    "errorPct" : 33.846153,
    "meanResTime" : 2262.692307692308,
    "medianResTime" : 310.0,
    "minResTime" : 0.0,
    "maxResTime" : 30154.0,
    "pct1ResTime" : 5894.000000000002,
    "pct2ResTime" : 17426.849999999984,
    "pct3ResTime" : 29490.599999999995,
    "throughput" : 2.8018449071080647,
    "receivedKBytesPerSec" : 2018.7121018484092,
    "sentKBytesPerSec" : 2.877195003017371
  },
  "GET BUYER PRODUCT" : {
    "transaction" : "GET BUYER PRODUCT",
    "sampleCount" : 10,
    "errorCount" : 10,
    "errorPct" : 100.0,
    "meanResTime" : 20550.8,
    "medianResTime" : 18767.5,
    "minResTime" : 9612.0,
    "maxResTime" : 30154.0,
    "pct1ResTime" : 29940.0,
    "pct2ResTime" : 30154.0,
    "pct3ResTime" : 30154.0,
    "throughput" : 0.25362686415745156,
    "receivedKBytesPerSec" : 2373.7174010221165,
    "sentKBytesPerSec" : 0.13226244673835855
  },
  "POST AUTH LOGIN" : {
    "transaction" : "POST AUTH LOGIN",
    "sampleCount" : 10,
    "errorCount" : 3,
    "errorPct" : 30.0,
    "meanResTime" : 1143.1,
    "medianResTime" : 445.0,
    "minResTime" : 358.0,
    "maxResTime" : 4107.0,
    "pct1ResTime" : 3959.1000000000004,
    "pct2ResTime" : 4107.0,
    "pct3ResTime" : 4107.0,
    "throughput" : 1.1802195208308746,
    "receivedKBytesPerSec" : 0.580889295408946,
    "sentKBytesPerSec" : 0.37688650714032806
  },
  "POST SELLER PRODUCT" : {
    "transaction" : "POST SELLER PRODUCT",
    "sampleCount" : 10,
    "errorCount" : 2,
    "errorPct" : 20.0,
    "meanResTime" : 1117.6,
    "medianResTime" : 369.5,
    "minResTime" : 298.0,
    "maxResTime" : 6180.0,
    "pct1ResTime" : 5784.9000000000015,
    "pct2ResTime" : 6180.0,
    "pct3ResTime" : 6180.0,
    "throughput" : 1.0039152695512499,
    "receivedKBytesPerSec" : 0.6666624836863768,
    "sentKBytesPerSec" : 6.340156297058528
  }
}